{"ltkaeri_honda_s2000_gt1_amuse": 9035.8837890625, "art_porsche_911_gt3_996": 7216.35693359375, "bati_e46_nspec54": 8267.28515625, "cky_bmw_m340i": 6764.49853515625}